mysql> show databases;                                                                                                                                                                                                                       +--------------------+                                                                                                                                                                                                                       | Database           |                                                                                                                                                                                                                       +--------------------+                                                                                                                                                                                                                       | 2102040005vssut    |                                                                                                                                                                                                                       | bank               |                                                                                                                                                                                                                       | cse2102041038      |                                                                                                                                                                                                                       | cse2203040003      |                                                                                                                                                                                                                       | cse2203041006      |                                                                                                                                                                                                                       | dbmstest           |                                                                                                                                                                                                                       | department         |                                                                                                                                                                                                                       | department1        |                                                                                                                                                                                                                       | employee           |                                                                                                                                                                                                                       | information_schema |                                                                                                                                                                                                                       | mysql              |                                                                                                                                                                                                                       | performance_schema |                                                                                                                                                                                                                       | pratikash          |                                                                                                                                                                                                                       | railrajiv          |                                                                                                                                                                                                                       | rajiv              |                                                                                                                                                                                                                       | sakila             |                                                                                                                                                                                                                       | shiv038            |                                                                                                                                                                                                                       | soumendra0005      |                                                                                                                                                                                                                       | swapnil038         |                                                                                                                                                                                                                       | sys                |                                                                                                                                                                                                                       | test               |                                                                                                                                                                                                                       | testraj            |                                                                                                                                                                                                                       | world              |                                                                                                                                                                                                                       +--------------------+                                                                                                                                                                                                                       23 rows in set (0.56 sec)                                                                                                                                                                                                                                                                                                                                                                                                                                                                 mysql> use cse2203040003;                                                                                                                                                                                                                    Database changed                                                                                                                                                                                                                             mysql> show tables;                                                                                                                                                                                                                          +-------------------------+                                                                                                                                                                                                                  | Tables_in_cse2203040003 |                                                                                                                                                                                                                  +-------------------------+                                                                                                                                                                                                                  | test                    |                                                                                                                                                                                                                  +-------------------------+                                                                                                                                                                                                                  1 row in set (0.10 sec)                                                                                                                                                                                                                                                                                                                                                                                                                                                                   mysql> desc test;                                                                                                                                                                                                                            +-------+------+------+-----+---------+-------+                                                                                                                                                                                              | Field | Type | Null | Key | Default | Extra |                                                                                                                                                                                              +-------+------+------+-----+---------+-------+                                                                                                                                                                                              | id    | int  | YES  |     | NULL    |       |                                                                                                                                                                                              +-------+------+------+-----+---------+-------+                                                                                                                                                                                              1 row in set (0.06 sec)                                                                                                                                                                                                                                                                                                                                                                                                                                                                   mysql> Create Table Dept(DeptID INT PRIMARY KEY, DeptName VARCHAR(255), YOE YEAR, BuildingNo VARCHAR(20), BudgetNO DECIMAL(15,2), HOD VARCHAR(255));                                                                                         Query OK, 0 rows affected (0.63 sec)                                                                                                                                                                                                                                                                                                                                                                                                                                                      mysql> ^C                                                                                                                                                                                                                                    mysql> CREATE TABLE faculty_table (                                                                                                                                                                                                              ->     emp_id INT PRIMARY KEY,                                                                                                                                                                                                               ->     name VARCHAR(255),                                                                                                                                                                                                                    ->     gender ENUM('Male', 'Female', 'Other'),                                                                                                                                                                                               ->     date_of_joining DATE,                                                                                                                                                                                                                 ->     dept_no INT,                                                                                                                                                                                                                          ->     phone_no VARCHAR(15),                                                                                                                                                                                                                 ->     remarks TEXT,                                                                                                                                                                                                                         ->     FOREIGN KEY (dept_no) REFERENCES Dept(DeptID)                                                                                                                                                                                         -> );                                                                                                                                                                                                                                    Query OK, 0 rows affected (0.66 sec)                                                                                                                                                                                                                                                                                                                                                                                                                                                      mysql> CREATE TABLE student (                                                                                                                                                                                                                    ->     RollNo INT PRIMARY KEY,                                                                                                                                                                                                               ->     Name VARCHAR(255),                                                                                                                                                                                                                    ->     Degree VARCHAR(255),                                                                                                                                                                                                                  ->     YearOfAdmission YEAR,                                                                                                                                                                                                                 ->     Gender ENUM('Male', 'Female', 'Other'),                                                                                                                                                                                               ->     DeptNo INT,                                                                                                                                                                                                                           ->     Advisor INT,                                                                                                                                                                                                                          ->     FOREIGN KEY (DeptNo) REFERENCES Dept(DeptID),                                                                                                                                                                                         ->     FOREIGN KEY (Advisor) REFERENCES faculty_table(emp_id)                                                                                                                                                                                -> );                                                                                                                                                                                                                                    Query OK, 0 rows affected (0.42 sec)                                                                                                                                                                                                                                                                                                                                                                                                                                                      mysql> desc student;                                                                                                                                                                                                                         +-----------------+-------------------------------+------+-----+---------+-------+                                                                                                                                                           | Field           | Type                          | Null | Key | Default | Extra |                                                                                                                                                           +-----------------+-------------------------------+------+-----+---------+-------+                                                                                                                                                           | RollNo          | int                           | NO   | PRI | NULL    |       |                                                                                                                                                           | Name            | varchar(255)                  | YES  |     | NULL    |       |                                                                                                                                                           | Degree          | varchar(255)                  | YES  |     | NULL    |       |                                                                                                                                                           | YearOfAdmission | year                          | YES  |     | NULL    |       |                                                                                                                                                           | Gender          | enum('Male','Female','Other') | YES  |     | NULL    |       |                                                                                                                                                           | DeptNo          | int                           | YES  | MUL | NULL    |       |                                                                                                                                                           | Advisor         | int                           | YES  | MUL | NULL    |       |                                                                                                                                                           +-----------------+-------------------------------+------+-----+---------+-------+                                                                                                                                                           7 rows in set (0.00 sec)                                                                                                                                                                                                                                                                                                                                                                                                                                                                  mysql> CREATE TABLE Course (                                                                                                                                                                                                                     ->     CourseID INT PRIMARY KEY,                                                                                                                                                                                                             ->     CourseName VARCHAR(255),                                                                                                                                                                                                              ->     Credits INT,                                                                                                                                                                                                                          ->     DeptNo INT,                                                                                                                                                                                                                           ->     FOREIGN KEY (DeptNo) REFERENCES Dept(DeptID)                                                                                                                                                                                          -> );                                                                                                                                                                                                                                    Query OK, 0 rows affected (0.36 sec)                                                                                                                                                                                                                                                                                                                                                                                                                                                      mysql> CREATE TABLE Enrollment (                                                                                                                                                                                                                 ->     RollNo INT,                                                                                                                                                                                                                           ->     CourseID INT,                                                                                                                                                                                                                         ->     Semester VARCHAR(50),                                                                                                                                                                                                                 ->     Year INT,                                                                                                                                                                                                                             ->     Grade CHAR(2),                                                                                                                                                                                                                        ->     PRIMARY KEY (RollNo, CourseID),                                                                                                                                                                                                       ->     FOREIGN KEY (RollNo) REFERENCES student(RollNo),                                                                                                                                                                                      ->     FOREIGN KEY (CourseID) REFERENCES Course(CourseID)                                                                                                                                                                                    -> );                                                                                                                                                                                                                                    Query OK, 0 rows affected (0.76 sec)                                                                                                                                                                                                                                                                                                                                                                                                                                                      mysql> CREATE TABLE Enrollment (                                                                                                                                                                                                                 ->     RollNo INT,                                                                                                                                                                                                                           ->     CourseID INT,                                                                                                                                                                                                                         ->     Semester VARCHAR(50),                                                                                                                                                                                                                 ->     Year INT,                                                                                                                                                                                                                             ->     Grade CHAR(2)                                                                                                                                                                                                                         -> );                                                                                                                                                                                                                                    ERROR 1050 (42S01): Table 'enrollment' already exists                                                                                                                                                                                        mysql> DROP TABLE Enrollment;                                                                                                                                                                                                                Query OK, 0 rows affected (0.23 sec)                                                                                                                                                                                                                                                                                                                                                                                                                                                      mysql> CREATE TABLE Enrollment (                                                                                                                                                                                                                 ->     RollNo INT,                                                                                                                                                                                                                           ->     CourseID INT,                                                                                                                                                                                                                         ->     Semester VARCHAR(50),                                                                                                                                                                                                                 ->     Year INT,                                                                                                                                                                                                                             ->     Grade CHAR(2)                                                                                                                                                                                                                         -> );                                                                                                                                                                                                                                    Query OK, 0 rows affected (0.24 sec)                                                                                                                                                                                                                                                                                                                                                                                                                                                      mysql> CREATE TABLE Teaching (                                                                                                                                                                                                                   ->     EmpID INT,                                                                                                                                                                                                                            ->     CourseID INT,                                                                                                                                                                                                                         ->     Semester VARCHAR(50),                                                                                                                                                                                                                 ->     Year INT,                                                                                                                                                                                                                             ->     Classroom VARCHAR(255)                                                                                                                                                                                                                -> );                                                                                                                                                                                                                                    Query OK, 0 rows affected (0.23 sec)                                                                                                                                                                                                                                                                                                                                                                                                                                                      mysql> CREATE TABLE Teaching (                                                                                                                                                                                                                   ->     EmpID INT,                                                                                                                                                                                                                            ->     CourseID INT,                                                                                                                                                                                                                         ->     Semester VARCHAR(50),                                                                                                                                                                                                                 ->     Year INT,                                                                                                                                                                                                                             ->     Classroom VARCHAR(255)                                                                                                                                                                                                                -> );                                                                                                                                                                                                                                    ERROR 1050 (42S01): Table 'teaching' already exists                                                                                                                                                                                          mysql> CREATE TABLE Prerequisite (                                                                                                                                                                                                               ->     prerequisite_course INT,                                                                                                                                                                                                              ->     courseID INT                                                                                                                                                                                                                          -> );                                                                                                                                                                                                                                    Query OK, 0 rows affected (0.24 sec)                                                                                                                                                                                                                                                                                                                                                                                                                                                      mysql> DROP TABLE Dept;                                                                                                                                                                                                                      ERROR 3730 (HY000): Cannot drop table 'dept' referenced by a foreign key constraint 'faculty_table_ibfk_1' on table 'faculty_table'.                                                                                                         mysql> INSERT INTO Dept (DeptID, DeptName, YOE, BuildingNo, BudgetNO, HOD)                                                                                                                                                                       -> VALUES                                                                                                                                                                                                                                    ->     (1, 'Computer Science', '1990', 'A1', 1000000.00, 'Dr. Smith'),                                                                                                                                                                       ->     (2, 'Electrical Engineering', '1985', 'B2', 800000.00, 'Prof. Johnson'),                                                                                                                                                              ->     (3, 'Mechanical Engineering', '1978', 'C3', 1200000.00, 'Dr. Williams'),                                                                                                                                                              ->     (4, 'Mathematics', '1965', 'D4', 500000.00, 'Dr. Brown'),                                                                                                                                                                             ->     (5, 'Physics', '1972', 'E5', 600000.00, 'Prof. Davis');                                                                                                                                                                           Query OK, 5 rows affected (0.08 sec)                                                                                                                                                                                                         Records: 5  Duplicates: 0  Warnings: 0                                                                                                                                                                                                                                                                                                                                                                                                                                                    mysql> INSERT INTO faculty_table (emp_id, name, gender, date_of_joining, dept_no, phone_no, remarks)                                                                                                                                             -> VALUES                                                                                                                                                                                                                                    ->     (101, 'John Smith', 'Male', '2010-05-15', 1, '123-456-7890', 'Experienced professor'),                                                                                                                                                ->     (102, 'Jane Doe', 'Female', '2015-08-20', 2, '987-654-3210', 'Published researcher'),                                                                                                                                                 ->     (103, 'Michael Johnson', 'Male', '2008-03-10', 3, '555-123-4567', 'Department head'),                                                                                                                                                 ->     (104, 'Emily Williams', 'Female', '2012-11-25', 1, '777-888-9999', 'Award-winning teacher'),                                                                                                                                          ->     (105, 'Robert Brown', 'Male', '2017-06-02', 4, '222-333-4444', 'Research interests in cryptography');                                                                                                                             Query OK, 5 rows affected (0.07 sec)                                                                                                                                                                                                         Records: 5  Duplicates: 0  Warnings: 0                                                                                                                                                                                                                                                                                                                                                                                                                                                    mysql> DELETE FROM faculty_table;                                                                                                                                                                                                            Query OK, 5 rows affected (0.04 sec)                                                                                                                                                                                                                                                                                                                                                                                                                                                      mysql> INSERT INTO faculty_table (emp_id, name, gender, date_of_joining, dept_no, phone_no, remarks)                                                                                                                                             -> VALUES                                                                                                                                                                                                                                    ->     (101, 'John Smith', 'Male', '2010-05-15', , '123-456-7890', 'Experienced professor'),                                                                                                                                                 ->     (102, 'Jane Doe', 'Female', '2015-08-20', , '987-654-3210', 'Published researcher'),                                                                                                                                                  ->     (103, 'Michael Johnson', 'Male', '2008-03-10', , '555-123-4567', 'Department head'),                                                                                                                                                  ->     (104, 'Emily Williams', 'Female', '2012-11-25', , '777-888-9999', 'Award-winning teacher'),                                                                                                                                           ->     (105, 'Robert Brown', 'Male', '2017-06-02', , '222-333-4444', 'Research interests in cryptography');                                                                                                                              ERROR 1064 (42000): You have an error in your SQL syntax; check the manual that corresponds to your MySQL server version for the right syntax to use near ', '123-456-7890', 'Experienced professor'),                                           (102, 'Jane Doe', 'Female', '201' at line 3                                                                                                                                                                                              mysql> INSERT INTO faculty_table (emp_id, name, gender, date_of_joining, dept_no, phone_no, remarks)                                                                                                                                             -> VALUES                                                                                                                                                                                                                                    ->     (101, 'John Smith', 'Male', '2010-05-15', '', '123-456-7890', 'Experienced professor'),                                                                                                                                               ->     (102, 'Jane Doe', 'Female', '2015-08-20', '', '987-654-3210', 'Published researcher'),                                                                                                                                                ->     (103, 'Michael Johnson', 'Male', '2008-03-10', '', '555-123-4567', 'Department head'),                                                                                                                                                ->     (104, 'Emily Williams', 'Female', '2012-11-25', '', '777-888-9999', 'Award-winning teacher'),                                                                                                                                         ->     (105, 'Robert Brown', 'Male', '2017-06-02', '', '222-333-4444', 'Research interests in cryptography');                                                                                                                            ERROR 1366 (HY000): Incorrect integer value: '' for column 'dept_no' at row 1                                                                                                                                                                mysql> INSERT INTO faculty_table (emp_id, name, gender, date_of_joining, dept_no, phone_no, remarks)                                                                                                                                             -> VALUES                                                                                                                                                                                                                                    ->     (201, 'Sarah Johnson', 'Female', '2013-09-10', 2, '444-555-6666', 'Experienced researcher'),                                                                                                                                          ->     (202, 'Daniel Smith', 'Male', '2018-07-25', 1, '777-777-7777', 'Published author'),                                                                                                                                                   ->     (203, 'Olivia Brown', 'Female', '2016-03-18', 3, '888-888-8888', 'Leadership skills'),                                                                                                                                                ->     (204, 'James Davis', 'Male', '2011-11-30', 1, '999-999-9999', 'Award-winning scientist'),                                                                                                                                             ->     (205, 'Ava Wilson', 'Female', '2019-05-05', 2, '111-222-3333', 'Passionate educator');                                                                                                                                            Query OK, 5 rows affected (0.07 sec)                                                                                                                                                                                                         Records: 5  Duplicates: 0  Warnings: 0                                                                                                                                                                                                                                                                                                                                                                                                                                                    mysql> Desc Dept;                                                                                                                                                                                                                            +------------+---------------+------+-----+---------+-------+                                                                                                                                                                                | Field      | Type          | Null | Key | Default | Extra |                                                                                                                                                                                +------------+---------------+------+-----+---------+-------+                                                                                                                                                                                | DeptID     | int           | NO   | PRI | NULL    |       |                                                                                                                                                                                | DeptName   | varchar(255)  | YES  |     | NULL    |       |                                                                                                                                                                                | YOE        | year          | YES  |     | NULL    |       |                                                                                                                                                                                | BuildingNo | varchar(20)   | YES  |     | NULL    |       |                                                                                                                                                                                | BudgetNO   | decimal(15,2) | YES  |     | NULL    |       |                                                                                                                                                                                | HOD        | varchar(255)  | YES  |     | NULL    |       |                                                                                                                                                                                +------------+---------------+------+-----+---------+-------+                                                                                                                                                                                6 rows in set (0.00 sec)                                                                                                                                                                                                                                                                                                                                                                                                                                                                  mysql> Desc faculty_table;                                                                                                                                                                                                                   +-----------------+-------------------------------+------+-----+---------+-------+                                                                                                                                                           | Field           | Type                          | Null | Key | Default | Extra |                                                                                                                                                           +-----------------+-------------------------------+------+-----+---------+-------+                                                                                                                                                           | emp_id          | int                           | NO   | PRI | NULL    |       |                                                                                                                                                           | name            | varchar(255)                  | YES  |     | NULL    |       |                                                                                                                                                           | gender          | enum('Male','Female','Other') | YES  |     | NULL    |       |                                                                                                                                                           | date_of_joining | date                          | YES  |     | NULL    |       |                                                                                                                                                           | dept_no         | int                           | YES  | MUL | NULL    |       |                                                                                                                                                           | phone_no        | varchar(15)                   | YES  |     | NULL    |       |                                                                                                                                                           | remarks         | text                          | YES  |     | NULL    |       |                                                                                                                                                           +-----------------+-------------------------------+------+-----+---------+-------+                                                                                                                                                           7 rows in set (0.00 sec)                                                                                                                                                                                                                                                                                                                                                                                                                                                                  mysql> SELECT * from faculty_table;                                                                                                                                                                                                          +--------+---------------+--------+-----------------+---------+--------------+-------------------------+                                                                                                                                     | emp_id | name          | gender | date_of_joining | dept_no | phone_no     | remarks                 |                                                                                                                                     +--------+---------------+--------+-----------------+---------+--------------+-------------------------+                                                                                                                                     |    201 | Sarah Johnson | Female | 2013-09-10      |       2 | 444-555-6666 | Experienced researcher  |                                                                                                                                     |    202 | Daniel Smith  | Male   | 2018-07-25      |       1 | 777-777-7777 | Published author        |                                                                                                                                     |    203 | Olivia Brown  | Female | 2016-03-18      |       3 | 888-888-8888 | Leadership skills       |                                                                                                                                     |    204 | James Davis   | Male   | 2011-11-30      |       1 | 999-999-9999 | Award-winning scientist |                                                                                                                                     |    205 | Ava Wilson    | Female | 2019-05-05      |       2 | 111-222-3333 | Passionate educator     |                                                                                                                                     +--------+---------------+--------+-----------------+---------+--------------+-------------------------+                                                                                                                                     5 rows in set (0.00 sec)                                                                                                                                                                                                                                                                                                                                                                                                                                                                  mysql> INSERT INTO student (RollNo, Name, Degree, YearOfAdmission, Gender, DeptNo, Advisor)                                                                                                                                                      -> VALUES                                                                                                                                                                                                                                    ->     (1001, 'Alice Johnson', 'Computer Science', '2020', 'Female', 1, 201),                                                                                                                                                                ->     (1002, 'Bob Smith', 'Electrical Engineering', '2019', 'Male', 2, 202),                                                                                                                                                                ->     (1003, 'Eva Brown', 'Mechanical Engineering', '2021', 'Female', 3, 203),                                                                                                                                                              ->     (1004, 'David Davis', 'Mathematics', '2018', 'Male', 1, 204),                                                                                                                                                                         ->     (1005, 'Grace Wilson', 'Physics', '2022', 'Female', 2, 205);                                                                                                                                                                      Query OK, 5 rows affected (0.36 sec)                                                                                                                                                                                                         Records: 5  Duplicates: 0  Warnings: 0                                                                                                                                                                                                                                                                                                                                                                                                                                                    mysql> INSERT INTO Course (CourseID, CourseName, Credits, DeptNo)                                                                                                                                                                                -> VALUES                                                                                                                                                                                                                                    ->     (101, 'Introduction to Programming', 3, 1),                                                                                                                                                                                           ->     (102, 'Digital Electronics', 4, 2),                                                                                                                                                                                                   ->     (103, 'Thermodynamics', 3, 3),                                                                                                                                                                                                        ->     (104, 'Calculus I', 4, 4),                                                                                                                                                                                                            ->     (105, 'Modern Physics', 3, 5);                                                                                                                                                                                                    Query OK, 5 rows affected (0.07 sec)                                                                                                                                                                                                         Records: 5  Duplicates: 0  Warnings: 0                                                                                                                                                                                                                                                                                                                                                                                                                                                    mysql> desc enrollment;                                                                                                                                                                                                                      +----------+-------------+------+-----+---------+-------+                                                                                                                                                                                    | Field    | Type        | Null | Key | Default | Extra |                                                                                                                                                                                    +----------+-------------+------+-----+---------+-------+                                                                                                                                                                                    | RollNo   | int         | YES  |     | NULL    |       |                                                                                                                                                                                    | CourseID | int         | YES  |     | NULL    |       |                                                                                                                                                                                    | Semester | varchar(50) | YES  |     | NULL    |       |                                                                                                                                                                                    | Year     | int         | YES  |     | NULL    |       |                                                                                                                                                                                    | Grade    | char(2)     | YES  |     | NULL    |       |                                                                                                                                                                                    +----------+-------------+------+-----+---------+-------+                                                                                                                                                                                    5 rows in set (0.00 sec)                                                                                                                                                                                                                                                                                                                                                                                                                                                                  mysql> INSERT INTO Enrollment (RollNo, CourseID, Semester, Year, Grade)                                                                                                                                                                          -> VALUES                                                                                                                                                                                                                                    ->     (1001, 101, '2nd', 2021, 'A'),                                                                                                                                                                                                        ->     (1002, 102, '1st', 2022, 'B'),                                                                                                                                                                                                        ->     (1003, 103, '5th', 2021, 'A'),                                                                                                                                                                                                        ->     (1004, 104, '3rd', 2022, 'B+'),                                                                                                                                                                                                       ->     (1005, 105, '4th', 2021, 'A-');                                                                                                                                                                                                   Query OK, 5 rows affected (0.07 sec)                                                                                                                                                                                                         Records: 5  Duplicates: 0  Warnings: 0                                                                                                                                                                                                                                                                                                                                                                                                                                                    mysql> SELECT * from Enrollment;                                                                                                                                                                                                             +--------+----------+----------+------+-------+                                                                                                                                                                                              | RollNo | CourseID | Semester | Year | Grade |                                                                                                                                                                                              +--------+----------+----------+------+-------+                                                                                                                                                                                              |   1001 |      101 | 2nd      | 2021 | A     |                                                                                                                                                                                              |   1002 |      102 | 1st      | 2022 | B     |                                                                                                                                                                                              |   1003 |      103 | 5th      | 2021 | A     |                                                                                                                                                                                              |   1004 |      104 | 3rd      | 2022 | B+    |                                                                                                                                                                                              |   1005 |      105 | 4th      | 2021 | A-    |                                                                                                                                                                                              +--------+----------+----------+------+-------+                                                                                                                                                                                              5 rows in set (0.00 sec)                                                                                                                                                                                                                                                                                                                                                                                                                                                                  mysql> INSERT INTO Teaching (EmpID, CourseID, Semester, Year, Classroom)                                                                                                                                                                         -> VALUES                                                                                                                                                                                                                                    ->     (201, 101, '1st', 2021, 'Room A101'),                                                                                                                                                                                                 ->     (202, 102, '5th', 2022, 'Room D202'),                                                                                                                                                                                                 ->     (203, 103, '6th', 2021, 'Room D303'),                                                                                                                                                                                                 ->     (204, 104, '3rd', 2022, 'Room C404'),                                                                                                                                                                                                 ->     (205, 105, '2nd', 2021, 'Room B505');                                                                                                                                                                                             Query OK, 5 rows affected (0.08 sec)                                                                                                                                                                                                         Records: 5  Duplicates: 0  Warnings: 0                                                                                                                                                                                                                                                                                                                                                                                                                                                    mysql> INSERT INTO Prerequisite (prerequisite_course, courseID)                                                                                                                                                                                  -> VALUES                                                                                                                                                                                                                                    ->     (100, 101),                                                                                                                                                                                                                           ->     (101, 102),                                                                                                                                                                                                                           ->     (102, 103),                                                                                                                                                                                                                           ->     (103, 104),                                                                                                                                                                                                                           ->     (104, 105);                                                                                                                                                                                                                       Query OK, 5 rows affected (0.07 sec)                                                                                                                                                                                                         Records: 5  Duplicates: 0  Warnings: 0                                                                                                                                                                                                                                                                                                                                                                                                                                                    mysql> 